[
  {
    "id": "13f97552-be85-4bbb-9280-bf6a2e73c3d7",
    "data": [
      {
        "text": "teste@teste.com",
        "userDefined": false
      }
    ],
    "isTemplate": false,
    "count": 0,
    "lang": "pt-br",
    "updated": 0
  },
  {
    "id": "f38b1c9e-339b-4433-8430-211027be0249",
    "data": [
      {
        "text": "posso sim, meu email é teste@teste.com",
        "userDefined": false
      }
    ],
    "isTemplate": false,
    "count": 0,
    "lang": "pt-br",
    "updated": 0
  }
]