[
  {
    "id": "8417687b-c892-4cbf-92d9-b011e30a4b05",
    "data": [
      {
        "text": "adicionar produto",
        "userDefined": false
      }
    ],
    "isTemplate": false,
    "count": 0,
    "lang": "pt-br",
    "updated": 0
  },
  {
    "id": "50bad9d8-3ee7-4c87-8f48-dbb93aa9f742",
    "data": [
      {
        "text": "quero adicionar produtos na lista",
        "userDefined": false
      }
    ],
    "isTemplate": false,
    "count": 0,
    "lang": "pt-br",
    "updated": 0
  }
]