[
  {
    "id": "74e8e4aa-43e3-4b47-9b50-3ce8ed2e67ed",
    "data": [
      {
        "text": "poderia me apresentar a lista de produtos?",
        "userDefined": false
      }
    ],
    "isTemplate": false,
    "count": 0,
    "lang": "pt-br",
    "updated": 0
  },
  {
    "id": "cc46063e-1458-4200-9863-eecb3f334088",
    "data": [
      {
        "text": "lista de produtos",
        "userDefined": false
      }
    ],
    "isTemplate": false,
    "count": 0,
    "lang": "pt-br",
    "updated": 0
  },
  {
    "id": "13b08d19-f71f-45b7-b926-89df5d6e4c01",
    "data": [
      {
        "text": "gostaria de ver a ",
        "userDefined": false
      },
      {
        "text": "minha",
        "meta": "@sys.ignore",
        "userDefined": false
      },
      {
        "text": " lista de produtos",
        "userDefined": false
      }
    ],
    "isTemplate": false,
    "count": 0,
    "lang": "pt-br",
    "updated": 0
  }
]