[
  {
    "id": "56103500-4aac-413c-a675-4fa0ad65d77a",
    "data": [
      {
        "text": "feminino",
        "meta": "@GeneroDoProduto",
        "alias": "generodoproduto",
        "userDefined": false
      }
    ],
    "isTemplate": false,
    "count": 0,
    "lang": "pt-br",
    "updated": 0
  },
  {
    "id": "2e6378cb-a563-46d1-bacc-20a86f70a9bc",
    "data": [
      {
        "text": "para mulher",
        "meta": "@GeneroDoProduto",
        "alias": "generodoproduto",
        "userDefined": true
      }
    ],
    "isTemplate": false,
    "count": 0,
    "lang": "pt-br",
    "updated": 0
  },
  {
    "id": "7f8263ca-304d-4a73-9782-efdc4dad483d",
    "data": [
      {
        "text": "Feminina",
        "meta": "@GeneroDoProduto",
        "alias": "generodoproduto",
        "userDefined": false
      }
    ],
    "isTemplate": false,
    "count": 0,
    "lang": "pt-br",
    "updated": 0
  }
]