[
  {
    "id": "0d57cc13-8360-4686-af65-559e7770cc3e",
    "data": [
      {
        "text": "P",
        "meta": "@TamanhoCalca",
        "alias": "TamanhoCalca",
        "userDefined": true
      }
    ],
    "isTemplate": false,
    "count": 0,
    "lang": "pt-br",
    "updated": 0
  },
  {
    "id": "64749928-e4eb-4386-9a49-fdb3e974792d",
    "data": [
      {
        "text": "PP",
        "meta": "@TamanhoCalca",
        "alias": "TamanhoCalca",
        "userDefined": true
      }
    ],
    "isTemplate": false,
    "count": 0,
    "lang": "pt-br",
    "updated": 0
  },
  {
    "id": "a767f1bc-b77e-4d4a-8a4e-4956dcdd5a7a",
    "data": [
      {
        "text": "M",
        "meta": "@TamanhoCalca",
        "alias": "TamanhoCalca",
        "userDefined": true
      }
    ],
    "isTemplate": false,
    "count": 0,
    "lang": "pt-br",
    "updated": 0
  },
  {
    "id": "ac4bce43-0af9-47ad-9720-826fd657df5c",
    "data": [
      {
        "text": "GG",
        "meta": "@TamanhoCalca",
        "alias": "TamanhoCalca",
        "userDefined": true
      }
    ],
    "isTemplate": false,
    "count": 0,
    "lang": "pt-br",
    "updated": 0
  },
  {
    "id": "39f6e9f2-010e-4fac-9cb4-2d4a8fabd4cb",
    "data": [
      {
        "text": "G",
        "meta": "@TamanhoCalca",
        "alias": "TamanhoCalca",
        "userDefined": true
      }
    ],
    "isTemplate": false,
    "count": 0,
    "lang": "pt-br",
    "updated": 0
  },
  {
    "id": "52fa566c-ca0e-4a4f-a396-ae6f578e9a2f",
    "data": [
      {
        "text": "Escolher",
        "meta": "@sys.ignore",
        "userDefined": true
      },
      {
        "text": " ",
        "userDefined": false
      },
      {
        "text": "tamanho",
        "meta": "@sys.ignore",
        "userDefined": true
      }
    ],
    "isTemplate": false,
    "count": 1,
    "lang": "pt-br",
    "updated": 0
  }
]