[
  {
    "id": "cdd4e189-66d8-4def-9927-d1adf01c6975",
    "data": [
      {
        "text": "masculino",
        "meta": "@GeneroDoProduto",
        "alias": "GeneroDoProduto",
        "userDefined": true
      }
    ],
    "isTemplate": false,
    "count": 0,
    "lang": "pt-br",
    "updated": 0
  },
  {
    "id": "6a3171d8-6185-4485-b57b-739fb17e2e14",
    "data": [
      {
        "text": "para homem",
        "meta": "@GeneroDoProduto",
        "alias": "GeneroDoProduto",
        "userDefined": true
      }
    ],
    "isTemplate": false,
    "count": 0,
    "lang": "pt-br",
    "updated": 0
  },
  {
    "id": "75155ff6-06d3-4da5-a47c-071277fabf8e",
    "data": [
      {
        "text": "masculina",
        "meta": "@GeneroDoProduto",
        "alias": "GeneroDoProduto",
        "userDefined": true
      }
    ],
    "isTemplate": false,
    "count": 0,
    "lang": "pt-br",
    "updated": 0
  }
]